2023-02-10_01-37-41;0117;1288.109
2023-02-05_01-37-41;0319;1085.735
2023-01-31_01-37-41;0918;1509.997
2023-01-26_01-37-41;0169;1711.393
2023-01-21_01-37-41;0668;1777.650
2023-01-16_01-37-41;0639;1963.257
2023-01-11_01-37-41;0993;1228.861
2023-01-06_01-37-41;0969;1247.057
2023-01-01_01-37-41;0988;1677.900
2022-12-27_01-37-41;0135;1715.773
2022-12-22_01-37-41;0083;1896.165
2022-12-17_01-37-41;0143;1457.123
2022-12-12_01-37-41;0058;1594.478
2022-12-07_01-37-41;0314;1852.449
2022-12-02_01-37-41;0020;1741.658
2022-11-27_01-37-41;0695;1666.847
2022-11-22_01-37-41;0671;1656.495
2022-11-17_01-37-41;0074;1906.242
2022-11-12_01-37-41;0835;1229.931
2022-11-07_01-37-41;0774;1181.120
2022-11-02_01-37-41;0775;1167.659
2022-10-28_01-37-41;0187;1937.135
2022-10-23_01-37-41;0967;1782.231
2022-10-18_01-37-41;0388;1960.777
2022-10-13_01-37-41;0928;1274.502
2022-10-08_01-37-41;0381;1802.934
2022-10-03_01-37-41;0896;1047.224
2022-09-28_01-37-41;0325;1747.014
2022-09-23_01-37-41;0380;1036.141
2022-09-18_01-37-41;0580;1829.097
2022-09-13_01-37-41;0417;1304.359
2022-09-08_01-37-41;0934;1086.139
2022-09-03_01-37-41;0790;1326.485
2022-08-29_01-37-41;0916;1920.198
2022-08-24_01-37-41;0616;1950.698
2022-08-19_01-37-41;0042;1566.808
2022-08-14_01-37-41;0545;1642.552
2022-08-09_01-37-41;0379;1881.377
2022-08-04_01-37-41;0117;1581.105
2022-07-30_01-37-41;0480;1016.494
2022-07-25_01-37-41;0407;1066.683
2022-07-20_01-37-41;0982;1887.721
2022-07-15_01-37-41;0427;1444.098
2022-07-10_01-37-41;0038;1335.572
2022-07-05_01-37-41;0898;1722.795
2022-06-30_01-37-41;0919;1906.625
2022-06-25_01-37-41;0394;1751.097
2022-06-20_01-37-41;0904;1876.647
2022-06-15_01-37-41;0463;1465.379
2022-06-10_01-37-41;0801;1737.995
2022-06-05_01-37-41;0079;1932.584
2022-05-31_01-37-41;0884;1021.692
2022-05-26_01-37-41;0576;1754.326
2022-05-21_01-37-41;0548;1091.704
2022-05-16_01-37-41;0091;1443.217
2022-05-11_01-37-41;0035;1711.682
2022-05-06_01-37-41;0740;1337.277
2022-05-01_01-37-41;0824;1251.257
2022-04-26_01-37-41;0918;1948.665
2022-04-21_01-37-41;0889;1257.449
2022-04-16_01-37-41;0149;1105.614
2022-04-11_01-37-41;0638;1462.473
2022-04-06_01-37-41;0891;1292.167
2022-04-01_01-37-41;0684;1523.343
2022-03-27_01-37-41;0116;1452.133
2022-03-22_01-37-41;0104;1667.376
2022-03-17_01-37-41;0969;1991.360
2022-03-12_01-37-41;0836;1972.910
2022-03-07_01-37-41;0311;1179.742
2022-03-02_01-37-41;0456;1019.525
2022-02-25_01-37-41;0436;1904.681
2022-02-20_01-37-41;0203;1574.154
2022-02-15_01-37-41;0168;1085.980
2022-02-10_01-37-41;0643;1494.423
2022-02-05_01-37-41;0557;1924.202
2022-01-31_01-37-41;0608;1168.846
2022-01-26_01-37-41;0982;1503.117
2022-01-21_01-37-41;0841;1425.287
2022-01-16_01-37-41;0638;1300.370
2022-01-11_01-37-41;0746;1592.330
2022-01-06_01-37-41;0902;1286.874
2022-01-01_01-37-41;0923;1065.311
2021-12-27_01-37-41;0356;1919.374
2021-12-22_01-37-41;0436;1308.863
2021-12-17_01-37-41;0103;1960.448
2021-12-12_01-37-41;0894;1618.993
2021-12-07_01-37-41;0652;1312.458
2021-12-02_01-37-41;0039;1675.114
2021-11-27_01-37-41;0678;1246.295
2021-11-22_01-37-41;0994;1194.989
2021-11-17_01-37-41;0896;1317.854
2021-11-12_01-37-41;0865;1201.657
2021-11-07_01-37-41;0303;1700.196
2021-11-02_01-37-41;0000;1247.750
2021-10-28_01-37-41;0976;1611.098
2021-10-23_01-37-41;0068;1479.364
2021-10-18_01-37-41;0999;1602.024
2021-10-13_01-37-41;0917;1397.537
2021-10-08_01-37-41;0781;1327.370
2021-10-03_01-37-41;0256;1092.338
2021-09-28_01-37-41;0314;1218.672
2021-09-23_01-37-41;0553;1675.261
2021-09-18_01-37-41;0195;1924.684
2021-09-13_01-37-41;0721;1677.976
2021-09-08_01-37-41;0317;1514.002
2021-09-03_01-37-41;0529;1344.397
2021-08-29_01-37-41;0302;1779.079
2021-08-24_01-37-41;0808;1240.379
2021-08-19_01-37-41;0696;1049.433
2021-08-14_01-37-41;0427;1826.700
2021-08-09_01-37-41;0481;1790.230
2021-08-04_01-37-41;0906;1389.909
2021-07-30_01-37-41;0933;1508.335
2021-07-25_01-37-41;0287;1198.664
2021-07-20_01-37-41;0110;1773.588
2021-07-15_01-37-41;0367;1957.340
2021-07-10_01-37-41;0267;1580.755
2021-07-05_01-37-41;0662;1578.372
2021-06-30_01-37-41;0680;1552.655
2021-06-25_01-37-41;0203;1876.899
2021-06-20_01-37-41;0775;1525.414
2021-06-15_01-37-41;0927;1776.215
2021-06-10_01-37-41;0665;1537.649
2021-06-05_01-37-41;0279;1468.255
2021-05-31_01-37-41;0868;1012.630
2021-05-26_01-37-41;0912;1369.287
2021-05-21_01-37-41;0986;1750.069
2021-05-16_01-37-41;1000;1057.397
2021-05-11_01-37-41;0893;1142.734
2021-05-06_01-37-41;0227;1328.443
2021-05-01_01-37-41;0391;1727.047
2021-04-26_01-37-41;0423;1381.023
2021-04-21_01-37-41;0885;1115.840
2021-04-16_01-37-41;0671;1504.303
2021-04-11_01-37-41;0642;1141.529
2021-04-06_01-37-41;0376;1499.561
2021-04-01_01-37-41;0841;1368.730
2021-03-27_01-37-41;0919;1257.511
2021-03-22_01-37-41;0828;1283.933
2021-03-17_01-37-41;0963;1179.682
2021-03-12_01-37-41;0307;1563.036
2021-03-07_01-37-41;0047;1055.000
2021-03-02_01-37-41;0538;1521.109
2021-02-25_01-37-41;0438;1241.716
2021-02-20_01-37-41;0529;1248.783
2021-02-15_01-37-41;0004;1999.758
2021-02-10_01-37-41;0594;1894.738
2021-02-05_01-37-41;0846;1505.574
2021-01-31_01-37-41;0841;1813.896
2021-01-26_01-37-41;0292;1553.274
2021-01-21_01-37-41;0300;1124.778
2021-01-16_01-37-41;0148;1651.594
2021-01-11_01-37-41;0431;1089.120
2021-01-06_01-37-41;0987;1449.160
2021-01-01_01-37-41;0562;1624.562
2020-12-27_01-37-41;0363;1342.983
2020-12-22_01-37-41;0210;1609.263
2020-12-17_01-37-41;0681;1102.654
2020-12-12_01-37-41;0984;1502.507
2020-12-07_01-37-41;0136;1648.673
2020-12-02_01-37-41;0826;1075.595
2020-11-27_01-37-41;0201;1410.811
2020-11-22_01-37-41;0587;1226.728
2020-11-17_01-37-41;0675;1457.546
2020-11-12_01-37-41;0339;1690.731
2020-11-07_01-37-41;0682;1624.359
2020-11-02_01-37-41;0621;1576.602
2020-10-28_01-37-41;0233;1826.682
2020-10-23_01-37-41;0799;1263.210
2020-10-18_01-37-41;0395;1945.727
2020-10-13_01-37-41;0629;1682.878
2020-10-08_01-37-41;0572;1838.996
2020-10-03_01-37-41;0629;1787.997
2020-09-28_01-37-41;0229;1254.296
2020-09-23_01-37-41;0203;1854.508
2020-09-18_01-37-41;0222;1207.620
2020-09-13_01-37-41;0917;1005.947
2020-09-08_01-37-41;0676;1965.736
2020-09-03_01-37-41;0275;1268.827
2020-08-29_01-37-41;0671;1558.671
2020-08-24_01-37-41;0785;1536.315
2020-08-19_01-37-41;0327;1072.821
2020-08-14_01-37-41;0065;1445.416
2020-08-09_01-37-41;0105;1660.141
2020-08-04_01-37-41;0207;1653.580
2020-07-30_01-37-41;0661;1644.633
2020-07-25_01-37-41;0671;1214.444
2020-07-20_01-37-41;0503;1301.931
2020-07-15_01-37-41;0617;1419.229
2020-07-10_01-37-41;0274;1659.640
2020-07-05_01-37-41;0210;1711.032
2020-06-30_01-37-41;0083;1621.514
2020-06-25_01-37-41;0959;1188.592
2020-06-20_01-37-41;0272;1636.107
2020-06-15_01-37-41;0147;1839.739
2020-06-10_01-37-41;0299;1659.999
2020-06-05_01-37-41;0435;1411.139
2020-05-31_01-37-41;0089;1653.851
2020-05-26_01-37-41;0610;1921.399
2020-05-21_01-37-41;0814;1801.768
2020-05-16_01-37-41;0668;1053.754
2020-05-11_01-37-41;0179;1492.851
2020-05-06_01-37-41;0051;1749.078
2020-05-01_01-37-41;0116;1958.867
2020-04-26_01-37-41;0311;1184.954
2020-04-21_01-37-41;0435;1446.001
2020-04-16_01-37-41;0332;1054.367
2020-04-11_01-37-41;0026;1434.459
2020-04-06_01-37-41;0985;1620.054
2020-04-01_01-37-41;0191;1053.700
2020-03-27_01-37-41;0661;1642.806
2020-03-22_01-37-41;0408;1398.966
2020-03-17_01-37-41;0050;1554.852
2020-03-12_01-37-41;0407;1017.016
2020-03-07_01-37-41;0103;1591.127
2020-03-02_01-37-41;0266;1065.150
2020-02-26_01-37-41;0610;1324.323
2020-02-21_01-37-41;0809;1570.436
2020-02-16_01-37-41;0906;1619.861
2020-02-11_01-37-41;0767;1724.845
2020-02-06_01-37-41;0050;1846.992
2020-02-01_01-37-41;0784;1687.083
2020-01-27_01-37-41;0799;1017.544
2020-01-22_01-37-41;0023;1652.019
2020-01-17_01-37-41;0328;1207.156
2020-01-12_01-37-41;0604;1427.778
2020-01-07_01-37-41;0178;1466.213
2020-01-02_01-37-41;0687;1440.733
2019-12-28_01-37-41;0266;1334.584
2019-12-23_01-37-41;0015;1707.519
2019-12-18_01-37-41;0776;1644.259
2019-12-13_01-37-41;0474;1338.925
2019-12-08_01-37-41;0231;1181.481
2019-12-03_01-37-41;0819;1172.404
2019-11-28_01-37-41;0245;1488.309
2019-11-23_01-37-41;0151;1962.755
2019-11-18_01-37-41;0640;1702.391
2019-11-13_01-37-41;0425;1269.748
2019-11-08_01-37-41;0189;1889.869
2019-11-03_01-37-41;0119;1138.101
2019-10-29_01-37-41;0675;1648.808
2019-10-24_01-37-41;0791;1079.995
2019-10-19_01-37-41;0919;1945.546
2019-10-14_01-37-41;0714;1028.181
2019-10-09_01-37-41;0516;1996.086
2019-10-04_01-37-41;0129;1493.439
2019-09-29_01-37-41;0161;1054.424
2019-09-24_01-37-41;0439;1860.324
2019-09-19_01-37-41;0471;1300.605
2019-09-14_01-37-41;0014;1453.496
2019-09-09_01-37-41;0079;1540.300
2019-09-04_01-37-41;0545;1406.602
2019-08-30_01-37-41;0584;1279.905
2019-08-25_01-37-41;0586;1641.401
2019-08-20_01-37-41;0290;1993.860
2019-08-15_01-37-41;0630;1150.800
2019-08-10_01-37-41;0463;1427.970
2019-08-05_01-37-41;0177;1486.500
2019-07-31_01-37-41;0497;1055.357
2019-07-26_01-37-41;0749;1840.547
2019-07-21_01-37-41;0349;1960.052
2019-07-16_01-37-41;0135;1691.230
2019-07-11_01-37-41;0064;1035.615
2019-07-06_01-37-41;0626;1655.367
2019-07-01_01-37-41;0883;1338.242
2019-06-26_01-37-41;0190;1415.420
2019-06-21_01-37-41;0377;1207.731
2019-06-16_01-37-41;0071;1099.423
2019-06-11_01-37-41;0961;1192.802
2019-06-06_01-37-41;0041;1847.211
2019-06-01_01-37-41;0838;1664.507
2019-05-27_01-37-41;0188;1961.982
2019-05-22_01-37-41;0589;1747.815
2019-05-17_01-37-41;0971;1147.773
2019-05-12_01-37-41;0937;1608.065
2019-05-07_01-37-41;0584;1603.714
2019-05-02_01-37-41;0121;1980.244
2019-04-27_01-37-41;0891;1848.631
2019-04-22_01-37-41;0319;1527.703
2019-04-17_01-37-41;0318;1704.220
2019-04-12_01-37-41;0297;1786.394
2019-04-07_01-37-41;0900;1895.598
2019-04-02_01-37-41;0016;1212.105
2019-03-28_01-37-41;0826;1908.458
2019-03-23_01-37-41;0800;1399.356
2019-03-18_01-37-41;0257;1983.641
2019-03-13_01-37-41;0468;1780.147
2019-03-08_01-37-41;0165;1640.351
2019-03-03_01-37-41;0259;1869.119
2019-02-26_01-37-41;0914;1142.606
2019-02-21_01-37-41;0903;1748.200
2019-02-16_01-37-41;0583;1616.219
2019-02-11_01-37-41;0785;1246.326
2019-02-06_01-37-41;0269;1623.871
2019-02-01_01-37-41;0407;1700.514
2019-01-27_01-37-41;0422;1126.296
2019-01-22_01-37-41;0783;1587.527
2019-01-17_01-37-41;0023;1476.870
2019-01-12_01-37-41;0887;1830.752
2019-01-07_01-37-41;0845;1696.901
2019-01-02_01-37-41;0702;1889.994
2018-12-28_01-37-41;0770;1376.324
2018-12-23_01-37-41;0616;1688.877
2018-12-18_01-37-41;0512;1489.495
2018-12-13_01-37-41;0553;1933.699
2018-12-08_01-37-41;0071;1986.245
2018-12-03_01-37-41;0243;1556.548
2018-11-28_01-37-41;0345;1903.348
2018-11-23_01-37-41;0194;1250.915
2018-11-18_01-37-41;0973;1186.204
2018-11-13_01-37-41;0982;1912.427
2018-11-08_01-37-41;0272;1912.090
2018-11-03_01-37-41;0634;1624.816
2018-10-29_01-37-41;0479;1991.618
2018-10-24_01-37-41;0416;1294.847
2018-10-19_01-37-41;0574;1972.479
2018-10-14_01-37-41;0360;1475.337
2018-10-09_01-37-41;0477;1978.041
2018-10-04_01-37-41;0804;1963.116
2018-09-29_01-37-41;0271;1652.212
2018-09-24_01-37-41;0382;1431.928
2018-09-19_01-37-41;0465;1661.085
2018-09-14_01-37-41;0812;1703.430
2018-09-09_01-37-41;0076;1475.511
2018-09-04_01-37-41;0120;1431.047
2018-08-30_01-37-41;0110;1472.497
2018-08-25_01-37-41;0945;1625.348
2018-08-20_01-37-41;0869;1940.690
2018-08-15_01-37-41;0294;1919.356
2018-08-10_01-37-41;0339;1711.824
2018-08-05_01-37-41;0987;1108.068
2018-07-31_01-37-41;0188;1992.518
2018-07-26_01-37-41;0149;1586.952
2018-07-21_01-37-41;0636;1257.579
2018-07-16_01-37-41;0981;1600.843
2018-07-11_01-37-41;0628;1201.392
2018-07-06_01-37-41;0457;1049.688
2018-07-01_01-37-41;0604;1258.330
2018-06-26_01-37-41;0003;1886.213
2018-06-21_01-37-41;0057;1669.550
2018-06-16_01-37-41;0624;1822.148
2018-06-11_01-37-41;0773;1004.187
2018-06-06_01-37-41;0261;1765.841
2018-06-01_01-37-41;0709;1001.188
2018-05-27_01-37-41;0551;1710.171
2018-05-22_01-37-41;0492;1405.362
2018-05-17_01-37-41;0922;1075.323
2018-05-12_01-37-41;0691;1338.878
2018-05-07_01-37-41;0429;1002.386
2018-05-02_01-37-41;0885;1416.230
2018-04-27_01-37-41;0588;1222.225
2018-04-22_01-37-41;0816;1408.422
2018-04-17_01-37-41;0869;1375.112
2018-04-12_01-37-41;0043;1371.515
2018-04-07_01-37-41;0876;1863.990
2018-04-02_01-37-41;0100;1935.057
2018-03-28_01-37-41;0353;1916.726
2018-03-23_01-37-41;0241;1527.847
2018-03-18_01-37-41;0736;1012.898
2018-03-13_01-37-41;0235;1632.801
2018-03-08_01-37-41;0174;1435.797
2018-03-03_01-37-41;0545;1779.493
2018-02-26_01-37-41;0769;1147.166
2018-02-21_01-37-41;0655;1650.793
2018-02-16_01-37-41;0302;1439.712
2018-02-11_01-37-41;0253;1195.312
2018-02-06_01-37-41;1000;1195.388
2018-02-01_01-37-41;0832;1279.994
2018-01-27_01-37-41;0907;1839.082
2018-01-22_01-37-41;0513;1166.153
2018-01-17_01-37-41;0715;1115.463
2018-01-12_01-37-41;0339;1737.166
2018-01-07_01-37-41;0318;1121.076
2018-01-02_01-37-41;0879;1007.340
2017-12-28_01-37-41;0090;1762.443
2017-12-23_01-37-41;0072;1712.066
2017-12-18_01-37-41;0398;1349.496
2017-12-13_01-37-41;0211;1887.590
2017-12-08_01-37-41;0673;1694.432
2017-12-03_01-37-41;0435;1325.439
2017-11-28_01-37-41;0136;1452.848
2017-11-23_01-37-41;0926;1007.771
2017-11-18_01-37-41;0252;1912.499
2017-11-13_01-37-41;0518;1196.448
2017-11-08_01-37-41;0804;1444.217
2017-11-03_01-37-41;0910;1546.923
2017-10-29_01-37-41;0210;1636.051
2017-10-24_01-37-41;0672;1929.298
2017-10-19_01-37-41;0290;1931.490
2017-10-14_01-37-41;0638;1747.719
2017-10-09_01-37-41;0354;1837.474
2017-10-04_01-37-41;0608;1991.784
2017-09-29_01-37-41;0183;1566.088
2017-09-24_01-37-41;0069;1343.857
2017-09-19_01-37-41;0171;1432.851
2017-09-14_01-37-41;0760;1332.370
2017-09-09_01-37-41;0730;1746.565
2017-09-04_01-37-41;0345;1708.576
2017-08-30_01-37-41;0558;1892.035
2017-08-25_01-37-41;0158;1735.046
2017-08-20_01-37-41;0614;1238.401
2017-08-15_01-37-41;0806;1524.669
2017-08-10_01-37-41;0853;1756.439
2017-08-05_01-37-41;0493;1631.711
2017-07-31_01-37-41;0743;1667.958
2017-07-26_01-37-41;0080;1779.239
2017-07-21_01-37-41;0862;1558.925
2017-07-16_01-37-41;0994;1571.480
2017-07-11_01-37-41;0909;1620.025
2017-07-06_01-37-41;0601;1546.641
2017-07-01_01-37-41;0745;1364.958
2017-06-26_01-37-41;0483;1965.896
2017-06-21_01-37-41;0080;1242.461
2017-06-16_01-37-41;0145;1141.094
2017-06-11_01-37-41;0631;1318.947
2017-06-06_01-37-41;0947;1914.889
2017-06-01_01-37-41;0388;1819.441
2017-05-27_01-37-41;0692;1811.176
2017-05-22_01-37-41;0851;1135.662
2017-05-17_01-37-41;0762;1069.871
2017-05-12_01-37-41;0834;1129.344
2017-05-07_01-37-41;0184;1082.149
2017-05-02_01-37-41;0945;1289.422
2017-04-27_01-37-41;0732;1941.945
2017-04-22_01-37-41;0661;1268.139
2017-04-17_01-37-41;0932;1895.545
2017-04-12_01-37-41;0632;1854.942
2017-04-07_01-37-41;0884;1415.109
2017-04-02_01-37-41;0532;1594.243
2017-03-28_01-37-41;0280;1294.101
2017-03-23_01-37-41;0899;1697.522
2017-03-18_01-37-41;0954;1407.802
2017-03-13_01-37-41;0999;1657.370
2017-03-08_01-37-41;0704;1974.583
2017-03-03_01-37-41;0031;1855.065
2017-02-26_01-37-41;0737;1371.509
2017-02-21_01-37-41;0791;1573.486
2017-02-16_01-37-41;0695;1412.648
2017-02-11_01-37-41;0170;1857.635
2017-02-06_01-37-41;0419;1715.522
2017-02-01_01-37-41;0446;1168.689
2017-01-27_01-37-41;0522;1133.133
2017-01-22_01-37-41;0229;1996.660
2017-01-17_01-37-41;0785;1665.307
2017-01-12_01-37-41;0326;1101.121
2017-01-07_01-37-41;0016;1608.494
2017-01-02_01-37-41;0141;1814.052
2016-12-28_01-37-41;0399;1099.915
2016-12-23_01-37-41;0540;1185.525
2016-12-18_01-37-41;0214;1750.545
2016-12-13_01-37-41;0028;1233.447
2016-12-08_01-37-41;0284;1533.346
2016-12-03_01-37-41;0746;1066.714
2016-11-28_01-37-41;0057;1022.034
2016-11-23_01-37-41;0402;1465.436
2016-11-18_01-37-41;0128;1169.930
2016-11-13_01-37-41;0305;1005.586
2016-11-08_01-37-41;0606;1459.790
2016-11-03_01-37-41;0846;1351.129
2016-10-29_01-37-41;0560;1347.742
2016-10-24_01-37-41;0703;1286.357
2016-10-19_01-37-41;0141;1794.016
2016-10-14_01-37-41;0560;1638.418
2016-10-09_01-37-41;0884;1514.801
2016-10-04_01-37-41;0948;1364.649
2016-09-29_01-37-41;0823;1560.609
2016-09-24_01-37-41;0204;1774.631
2016-09-19_01-37-41;0824;1401.785
2016-09-14_01-37-41;0237;1309.997
2016-09-09_01-37-41;0863;1956.668
2016-09-04_01-37-41;0046;1697.395
2016-08-30_01-37-41;0185;1850.985
2016-08-25_01-37-41;0472;1335.671
2016-08-20_01-37-41;0687;1217.457
2016-08-15_01-37-41;0205;1287.282
2016-08-10_01-37-41;0278;1811.656
2016-08-05_01-37-41;0039;1136.282
2016-07-31_01-37-41;0463;1073.965
2016-07-26_01-37-41;0704;1950.904
2016-07-21_01-37-41;0991;1426.767
2016-07-16_01-37-41;0071;1558.784
2016-07-11_01-37-41;0656;1131.738
2016-07-06_01-37-41;0194;1751.117
2016-07-01_01-37-41;0185;1811.416
2016-06-26_01-37-41;0236;1701.928
2016-06-21_01-37-41;0418;1038.471
2016-06-16_01-37-41;0875;1987.505
2016-06-11_01-37-41;0158;1282.882
2016-06-06_01-37-41;0515;1720.298
2016-06-01_01-37-41;0378;1419.094
2016-05-27_01-37-41;0781;1602.726
2016-05-22_01-37-41;0434;1742.558
2016-05-17_01-37-41;0371;1988.227
2016-05-12_01-37-41;0646;1444.460
2016-05-07_01-37-41;0124;1419.616
2016-05-02_01-37-41;0592;1922.281
2016-04-27_01-37-41;0671;1848.272
2016-04-22_01-37-41;0301;1669.112
2016-04-17_01-37-41;0442;1859.522
2016-04-12_01-37-41;0291;1988.551
2016-04-07_01-37-41;0548;1621.922
2016-04-02_01-37-41;0947;1194.914
2016-03-28_01-37-41;0217;1438.877
2016-03-23_01-37-41;0073;1728.090
2016-03-18_01-37-41;0501;1696.643
2016-03-13_01-37-41;0474;1001.884
2016-03-08_01-37-41;0054;1296.175
2016-03-03_01-37-41;0454;1829.998
2016-02-27_01-37-41;0236;1353.831
2016-02-22_01-37-41;0189;1893.133
2016-02-17_01-37-41;0406;1099.065
2016-02-12_01-37-41;0745;1997.140
2016-02-07_01-37-41;0121;1373.106
2016-02-02_01-37-41;0332;1165.240
2016-01-28_01-37-41;0028;1781.278
2016-01-23_01-37-41;0840;1641.716
2016-01-18_01-37-41;0798;1020.146
2016-01-13_01-37-41;0121;1962.065
2016-01-08_01-37-41;0632;1806.540
2016-01-03_01-37-41;0075;1276.161
2015-12-29_01-37-41;0200;1799.044
2015-12-24_01-37-41;0529;1694.995
2015-12-19_01-37-41;0754;1502.268
2015-12-14_01-37-41;0723;1893.328
2015-12-09_01-37-41;0506;1459.512
2015-12-04_01-37-41;0717;1890.817
2015-11-29_01-37-41;0383;1223.135
2015-11-24_01-37-41;0646;1761.925
2015-11-19_01-37-41;0005;1755.522
2015-11-14_01-37-41;0925;1725.642
2015-11-09_01-37-41;0831;1056.659
2015-11-04_01-37-41;0242;1388.260
2015-10-30_01-37-41;0418;1725.951
2015-10-25_01-37-41;0021;1073.533
2015-10-20_01-37-41;0052;1082.656
2015-10-15_01-37-41;0852;1542.968
2015-10-10_01-37-41;0856;1143.289
2015-10-05_01-37-41;0032;1737.200
2015-09-30_01-37-41;0337;1655.469
2015-09-25_01-37-41;0709;1464.964
2015-09-20_01-37-41;0856;1290.975
2015-09-15_01-37-41;0954;1209.041
2015-09-10_01-37-41;0104;1749.267
2015-09-05_01-37-41;0573;1685.130
2015-08-31_01-37-41;0397;1990.937
2015-08-26_01-37-41;0518;1626.628
2015-08-21_01-37-41;0424;1673.474
2015-08-16_01-37-41;0832;1433.067
2015-08-11_01-37-41;0725;1572.366
2015-08-06_01-37-41;0092;1952.503
2015-08-01_01-37-41;0994;1291.017
2015-07-27_01-37-41;0017;1575.044
2015-07-22_01-37-41;0480;1546.047
2015-07-17_01-37-41;0060;1523.997
2015-07-12_01-37-41;0891;1939.153
2015-07-07_01-37-41;0060;1128.680
2015-07-02_01-37-41;0499;1358.251
2015-06-27_01-37-41;0303;1584.345
2015-06-22_01-37-41;0025;1471.027
2015-06-17_01-37-41;0715;1914.921
2015-06-12_01-37-41;0195;1463.926
2015-06-07_01-37-41;0536;1942.830
2015-06-02_01-37-41;0683;1735.071
2015-05-28_01-37-41;0732;1562.297
2015-05-23_01-37-41;0376;1308.428
2015-05-18_01-37-41;0361;1892.052
2015-05-13_01-37-41;0567;1931.714
2015-05-08_01-37-41;0128;1071.763
2015-05-03_01-37-41;0077;1656.505
2015-04-28_01-37-41;0092;1441.135
2015-04-23_01-37-41;0405;1355.455
2015-04-18_01-37-41;0366;1023.639
2015-04-13_01-37-41;0301;1572.736
2015-04-08_01-37-41;0219;1379.148
2015-04-03_01-37-41;0104;1129.813
2015-03-29_01-37-41;0071;1450.435
2015-03-24_01-37-41;0482;1612.546
2015-03-19_01-37-41;0321;1622.656
2015-03-14_01-37-41;0132;1336.019
2015-03-09_01-37-41;0910;1397.021
2015-03-04_01-37-41;0772;1432.467
2015-02-27_01-37-41;0354;1228.863
2015-02-22_01-37-41;0392;1486.252
2015-02-17_01-37-41;0191;1256.136
2015-02-12_01-37-41;0923;1711.521
2015-02-07_01-37-41;0455;1928.882
2015-02-02_01-37-41;0047;1995.469
2015-01-28_01-37-41;0892;1316.718
2015-01-23_01-37-41;0784;1971.538
2015-01-18_01-37-41;0459;1386.241
2015-01-13_01-37-41;0769;1613.682
2015-01-08_01-37-41;0427;1530.334
2015-01-03_01-37-41;0560;1326.930
2014-12-29_01-37-41;0151;1567.252
2014-12-24_01-37-41;0494;1267.160
2014-12-19_01-37-41;0551;1729.326
2014-12-14_01-37-41;0011;1729.235
2014-12-09_01-37-41;0084;1006.306
2014-12-04_01-37-41;0319;1151.865
2014-11-29_01-37-41;0717;1257.203
2014-11-24_01-37-41;0128;1269.810
2014-11-19_01-37-41;0819;1370.596
2014-11-14_01-37-41;0450;1997.771
2014-11-09_01-37-41;0668;1023.962
2014-11-04_01-37-41;0816;1043.607
2014-10-30_01-37-41;0085;1456.559
2014-10-25_01-37-41;0177;1332.487
2014-10-20_01-37-41;0698;1123.588
2014-10-15_01-37-41;0501;1923.626
2014-10-10_01-37-41;0162;1363.055
2014-10-05_01-37-41;0260;1119.839
2014-09-30_01-37-41;0270;1825.104
2014-09-25_01-37-41;0127;1316.329
2014-09-20_01-37-41;0049;1680.916
2014-09-15_01-37-41;0243;1412.572
2014-09-10_01-37-41;0190;1015.474
2014-09-05_01-37-41;0750;1926.659
2014-08-31_01-37-41;0438;1087.330
2014-08-26_01-37-41;0454;1064.409
2014-08-21_01-37-41;0140;1690.853
2014-08-16_01-37-41;0977;1868.096
2014-08-11_01-37-41;0733;1199.093
2014-08-06_01-37-41;0714;1418.341
2014-08-01_01-37-41;0533;1504.829
2014-07-27_01-37-41;0155;1046.873
2014-07-22_01-37-41;0360;1996.594
2014-07-17_01-37-41;0266;1046.804
2014-07-12_01-37-41;0924;1405.104
2014-07-07_01-37-41;0677;1500.174
2014-07-02_01-37-41;0325;1715.301
2014-06-27_01-37-41;0329;1926.178
2014-06-22_01-37-41;0989;1882.797
2014-06-17_01-37-41;0057;1801.227
2014-06-12_01-37-41;0053;1145.575
2014-06-07_01-37-41;0774;1706.999
2014-06-02_01-37-41;0431;1301.030
2014-05-28_01-37-41;0429;1563.065
2014-05-23_01-37-41;0065;1869.332
2014-05-18_01-37-41;0811;1509.040
2014-05-13_01-37-41;0229;1253.064
2014-05-08_01-37-41;0791;1331.068
2014-05-03_01-37-41;0591;1768.813
2014-04-28_01-37-41;0295;1905.973
2014-04-23_01-37-41;0317;1162.098
2014-04-18_01-37-41;0506;1466.098
2014-04-13_01-37-41;0232;1686.302
2014-04-08_01-37-41;0545;1522.846
2014-04-03_01-37-41;0731;1299.901
2014-03-29_01-37-41;0880;1254.116
2014-03-24_01-37-41;0102;1756.340
2014-03-19_01-37-41;0417;1002.378
2014-03-14_01-37-41;0664;1059.333
2014-03-09_01-37-41;0082;1838.751
2014-03-04_01-37-41;0287;1269.093
2014-02-27_01-37-41;0817;1330.201
2014-02-22_01-37-41;0242;1091.641
2014-02-17_01-37-41;0742;1861.985
2014-02-12_01-37-41;0294;1657.063
2014-02-07_01-37-41;0007;1141.867
2014-02-02_01-37-41;0954;1730.665
2014-01-28_01-37-41;0052;1060.027
2014-01-23_01-37-41;0855;1392.433
2014-01-18_01-37-41;0758;1660.661
2014-01-13_01-37-41;0345;1021.331
2014-01-08_01-37-41;0689;1193.850
2014-01-03_01-37-41;0241;1499.688
2013-12-29_01-37-41;0624;1261.908
2013-12-24_01-37-41;0742;1355.106
2013-12-19_01-37-41;0092;1356.168
2013-12-14_01-37-41;0196;1169.873
2013-12-09_01-37-41;0016;1846.730
2013-12-04_01-37-41;0745;1535.532
2013-11-29_01-37-41;0588;1995.291
2013-11-24_01-37-41;0602;1775.409
2013-11-19_01-37-41;0454;1134.053
2013-11-14_01-37-41;0218;1251.260
2013-11-09_01-37-41;0903;1156.186
2013-11-04_01-37-41;0443;1891.763
2013-10-30_01-37-41;0320;1759.484
2013-10-25_01-37-41;0979;1190.345
2013-10-20_01-37-41;0804;1673.359
2013-10-15_01-37-41;0826;1669.374
2013-10-10_01-37-41;0217;1753.761
2013-10-05_01-37-41;0255;1981.874
2013-09-30_01-37-41;0249;1023.963
2013-09-25_01-37-41;0867;1882.020
2013-09-20_01-37-41;0553;1556.725
2013-09-15_01-37-41;0442;1911.832
2013-09-10_01-37-41;0476;1413.244
2013-09-05_01-37-41;0512;1381.278
2013-08-31_01-37-41;0440;1931.333
2013-08-26_01-37-41;0549;1936.553
2013-08-21_01-37-41;0393;1965.625
2013-08-16_01-37-41;0022;1646.642
2013-08-11_01-37-41;0154;1980.054
2013-08-06_01-37-41;0332;1153.839
2013-08-01_01-37-41;0338;1188.637
2013-07-27_01-37-41;0887;1344.261
2013-07-22_01-37-41;0306;1195.091
2013-07-17_01-37-41;0749;1043.915
2013-07-12_01-37-41;0481;1521.487
2013-07-07_01-37-41;0241;1353.796
2013-07-02_01-37-41;0501;1155.415
2013-06-27_01-37-41;0792;1757.572
2013-06-22_01-37-41;0536;1301.402
2013-06-17_01-37-41;0818;1243.145
2013-06-12_01-37-41;0567;1941.810
2013-06-07_01-37-41;0693;1352.961
2013-06-02_01-37-41;0963;1929.077
2013-05-28_01-37-41;0709;1720.786
2013-05-23_01-37-41;0359;1790.621
2013-05-18_01-37-41;0017;1331.673
2013-05-13_01-37-41;0157;1105.449
2013-05-08_01-37-41;0546;1292.919
2013-05-03_01-37-41;0497;1379.824
2013-04-28_01-37-41;0533;1133.891
2013-04-23_01-37-41;0243;1582.911
2013-04-18_01-37-41;0668;1958.255
2013-04-13_01-37-41;0150;1681.903
2013-04-08_01-37-41;0711;1689.982
2013-04-03_01-37-41;0945;1644.704
2013-03-29_01-37-41;0010;1220.322
2013-03-24_01-37-41;0290;1118.530
2013-03-19_01-37-41;0270;1798.006
2013-03-14_01-37-41;0213;1768.326
2013-03-09_01-37-41;0726;1895.704
2013-03-04_01-37-41;0541;1974.469
2013-02-27_01-37-41;0889;1655.589
2013-02-22_01-37-41;0505;1866.917
2013-02-17_01-37-41;0440;1310.995
2013-02-12_01-37-41;0131;1250.114
2013-02-07_01-37-41;0940;1531.410
2013-02-02_01-37-41;0223;1317.477
2013-01-28_01-37-41;0736;1640.709
2013-01-23_01-37-41;0683;1252.131
2013-01-18_01-37-41;0373;1408.007
2013-01-13_01-37-41;0035;1661.911
2013-01-08_01-37-41;0481;1921.026
2013-01-03_01-37-41;0903;1584.823
2012-12-29_01-37-41;0759;1354.764
2012-12-24_01-37-41;0409;1945.204
2012-12-19_01-37-41;0116;1538.953
2012-12-14_01-37-41;0531;1318.615
2012-12-09_01-37-41;0699;1570.188
2012-12-04_01-37-41;0941;1556.592
2012-11-29_01-37-41;0780;1618.078
2012-11-24_01-37-41;0040;1060.023
2012-11-19_01-37-41;0310;1844.596
2012-11-14_01-37-41;0655;1664.017
2012-11-09_01-37-41;0369;1101.232
2012-11-04_01-37-41;0943;1703.899
2012-10-30_01-37-41;0231;1598.632
2012-10-25_01-37-41;0742;1074.645
2012-10-20_01-37-41;0109;1365.165
2012-10-15_01-37-41;0471;1050.220
2012-10-10_01-37-41;0173;1827.246
2012-10-05_01-37-41;0192;1191.548
2012-09-30_01-37-41;0691;1484.762
2012-09-25_01-37-41;0262;1868.673
2012-09-20_01-37-41;0234;1608.637
2012-09-15_01-37-41;0788;1176.506
2012-09-10_01-37-41;0423;1698.530
2012-09-05_01-37-41;0990;1459.818
2012-08-31_01-37-41;0829;1775.596
2012-08-26_01-37-41;0539;1054.463
2012-08-21_01-37-41;0828;1612.381
2012-08-16_01-37-41;0054;1179.184
2012-08-11_01-37-41;0291;1606.940
2012-08-06_01-37-41;0477;1525.139
2012-08-01_01-37-41;0280;1571.880
2012-07-27_01-37-41;0942;1327.429
2012-07-22_01-37-41;0826;1578.290
2012-07-17_01-37-41;0352;1072.729
2012-07-12_01-37-41;0164;1704.843
2012-07-07_01-37-41;0400;1732.704
2012-07-02_01-37-41;0828;1213.445
2012-06-27_01-37-41;0411;1499.437
2012-06-22_01-37-41;0528;1040.190
2012-06-17_01-37-41;0332;1671.617
2012-06-12_01-37-41;0648;1651.958
2012-06-07_01-37-41;0096;1163.677
2012-06-02_01-37-41;0532;1870.897
2012-05-28_01-37-41;0496;1783.004
2012-05-23_01-37-41;0630;1184.225
2012-05-18_01-37-41;0026;1704.078
2012-05-13_01-37-41;0196;1409.023
2012-05-08_01-37-41;0594;1364.505
2012-05-03_01-37-41;0699;1958.156
2012-04-28_01-37-41;0044;1279.266
2012-04-23_01-37-41;0237;1066.727
2012-04-18_01-37-41;0030;1920.971
2012-04-13_01-37-41;0921;1129.866
2012-04-08_01-37-41;0739;1352.094
2012-04-03_01-37-41;0367;1115.041
2012-03-29_01-37-41;0654;1646.498
2012-03-24_01-37-41;0329;1199.213
2012-03-19_01-37-41;0615;1784.285
2012-03-14_01-37-41;0108;1785.521
2012-03-09_01-37-41;0083;1123.073
2012-03-04_01-37-41;0687;1226.948
2012-02-28_01-37-41;0483;1183.333
2012-02-23_01-37-41;0608;1010.843
2012-02-18_01-37-41;0590;1238.388
2012-02-13_01-37-41;0060;1964.427
2012-02-08_01-37-41;0216;1609.580
2012-02-03_01-37-41;0023;1623.074
2012-01-29_01-37-41;0592;1808.904
2012-01-24_01-37-41;0111;1175.791
2012-01-19_01-37-41;0341;1410.026
2012-01-14_01-37-41;0328;1897.260
2012-01-09_01-37-41;0771;1064.692
2012-01-04_01-37-41;0752;1240.138
2011-12-30_01-37-41;0682;1436.726
2011-12-25_01-37-41;0388;1730.140
2011-12-20_01-37-41;0575;1175.081
2011-12-15_01-37-41;0468;1813.599
2011-12-10_01-37-41;0227;1695.381
2011-12-05_01-37-41;0478;1385.776
2011-11-30_01-37-41;0269;1996.721
2011-11-25_01-37-41;0606;1114.514
2011-11-20_01-37-41;0115;1655.928
2011-11-15_01-37-41;0128;1589.915
2011-11-10_01-37-41;0556;1917.718
2011-11-05_01-37-41;0175;1362.802
2011-10-31_01-37-41;0893;1572.002
2011-10-26_01-37-41;0432;1575.545
2011-10-21_01-37-41;0761;1189.665
2011-10-16_01-37-41;0181;1087.356
2011-10-11_01-37-41;0094;1468.413
2011-10-06_01-37-41;0064;1746.781
2011-10-01_01-37-41;1000;1342.757
2011-09-26_01-37-41;0949;1372.782
2011-09-21_01-37-41;0578;1739.032
2011-09-16_01-37-41;0837;1460.374
2011-09-11_01-37-41;0792;1358.931
2011-09-06_01-37-41;0678;1923.320
2011-09-01_01-37-41;0440;1519.903
2011-08-27_01-37-41;0119;1077.000
2011-08-22_01-37-41;0698;1332.800
2011-08-17_01-37-41;0766;1465.068
2011-08-12_01-37-41;0428;1445.237
2011-08-07_01-37-41;0908;1580.814
2011-08-02_01-37-41;0229;1684.545
2011-07-28_01-37-41;0713;1332.701
2011-07-23_01-37-41;0397;1066.945
2011-07-18_01-37-41;0823;1857.416
2011-07-13_01-37-41;0125;1684.366
2011-07-08_01-37-41;0837;1083.093
2011-07-03_01-37-41;0822;1327.503
2011-06-28_01-37-41;0456;1055.417
2011-06-23_01-37-41;0761;1730.694
2011-06-18_01-37-41;0195;1032.952
2011-06-13_01-37-41;0926;1485.837
2011-06-08_01-37-41;0303;1866.301
2011-06-03_01-37-41;0241;1988.881
2011-05-29_01-37-41;0012;1220.373
2011-05-24_01-37-41;0411;1006.026
2011-05-19_01-37-41;0831;1158.739
2011-05-14_01-37-41;0361;1541.064
2011-05-09_01-37-41;0367;1285.949
2011-05-04_01-37-41;0281;1151.147
2011-04-29_01-37-41;0904;1596.186
2011-04-24_01-37-41;0397;1494.919
2011-04-19_01-37-41;0752;1324.962
2011-04-14_01-37-41;0569;1574.471
2011-04-09_01-37-41;0970;1069.923
2011-04-04_01-37-41;0346;1030.093
2011-03-30_01-37-41;0478;1633.859
2011-03-25_01-37-41;0742;1286.064
2011-03-20_01-37-41;0139;1280.737
2011-03-15_01-37-41;0352;1277.916
2011-03-10_01-37-41;0402;1455.651
2011-03-05_01-37-41;0754;1922.784
2011-02-28_01-37-41;0948;1103.516
2011-02-23_01-37-41;0136;1610.055
2011-02-18_01-37-41;0849;1317.684
2011-02-13_01-37-41;0396;1764.912
2011-02-08_01-37-41;0974;1700.648
2011-02-03_01-37-41;0507;1948.824
2011-01-29_01-37-41;0319;1000.490
2011-01-24_01-37-41;0734;1777.711
2011-01-19_01-37-41;0649;1401.893
2011-01-14_01-37-41;0042;1947.621
2011-01-09_01-37-41;0457;1210.068
2011-01-04_01-37-41;0009;1127.201
2010-12-30_01-37-41;0708;1726.929
2010-12-25_01-37-41;0404;1021.696
2010-12-20_01-37-41;0684;1400.320
2010-12-15_01-37-41;0155;1447.882
2010-12-10_01-37-41;0573;1651.141
2010-12-05_01-37-41;0168;1882.705
2010-11-30_01-37-41;0395;1251.789
2010-11-25_01-37-41;0681;1766.227
2010-11-20_01-37-41;0099;1778.595
2010-11-15_01-37-41;0761;1825.085
2010-11-10_01-37-41;0447;1058.428
2010-11-05_01-37-41;0641;1233.984
2010-10-31_01-37-41;0591;1216.745
2010-10-26_01-37-41;0234;1369.302
2010-10-21_01-37-41;0126;1529.208
2010-10-16_01-37-41;0096;1300.144
2010-10-11_01-37-41;0455;1267.735
2010-10-06_01-37-41;0665;1273.560
2010-10-01_01-37-41;0264;1463.722
2010-09-26_01-37-41;0600;1490.313
2010-09-21_01-37-41;0101;1919.624
2010-09-16_01-37-41;0249;1588.223
2010-09-11_01-37-41;0023;1725.855
2010-09-06_01-37-41;0787;1025.057
2010-09-01_01-37-41;0495;1736.068
2010-08-27_01-37-41;0818;1557.102
2010-08-22_01-37-41;0037;1306.665
2010-08-17_01-37-41;0934;1639.230
2010-08-12_01-37-41;0495;1887.727
2010-08-07_01-37-41;0149;1088.420
2010-08-02_01-37-41;0536;1696.720
2010-07-28_01-37-41;0719;1088.195
2010-07-23_01-37-41;0383;1931.965
2010-07-18_01-37-41;0177;1175.718
2010-07-13_01-37-41;0730;1426.698
2010-07-08_01-37-41;0358;1290.419
2010-07-03_01-37-41;0315;1169.458
2010-06-28_01-37-41;0010;1085.113
2010-06-23_01-37-41;0800;1115.058
2010-06-18_01-37-41;0120;1474.090
2010-06-13_01-37-41;0004;1068.188
2010-06-08_01-37-41;0369;1106.934
2010-06-03_01-37-41;0455;1513.091
2010-05-29_01-37-41;0441;1507.392
2010-05-24_01-37-41;0729;1029.326
2010-05-19_01-37-41;0178;1659.771
2010-05-14_01-37-41;0526;1793.554
2010-05-09_01-37-41;0924;1742.825
2010-05-04_01-37-41;0771;1857.259
2010-04-29_01-37-41;0463;1792.623
2010-04-24_01-37-41;0307;1879.411
2010-04-19_01-37-41;0894;1401.503
2010-04-14_01-37-41;0716;1302.084
2010-04-09_01-37-41;0000;1991.137
2010-04-04_01-37-41;0784;1234.398
2010-03-30_01-37-41;0985;1770.932
2010-03-25_01-37-41;0406;1657.279
2010-03-20_01-37-41;0557;1055.375
2010-03-15_01-37-41;0494;1408.127
2010-03-10_01-37-41;0530;1448.056
2010-03-05_01-37-41;0747;1665.730
2010-02-28_01-37-41;0409;1511.711
2010-02-23_01-37-41;0127;1111.934
2010-02-18_01-37-41;0422;1149.551
2010-02-13_01-37-41;0361;1064.906
2010-02-08_01-37-41;0382;1095.859
2010-02-03_01-37-41;0183;1987.531
2010-01-29_01-37-41;0260;1892.692
2010-01-24_01-37-41;0559;1854.357
2010-01-19_01-37-41;0996;1755.806
2010-01-14_01-37-41;0953;1064.208
2010-01-09_01-37-41;0031;1627.128
2010-01-04_01-37-41;0346;1164.973
2009-12-30_01-37-41;0649;1905.136
2009-12-25_01-37-41;0474;1826.096
2009-12-20_01-37-41;0334;1924.650
2009-12-15_01-37-41;0363;1217.042
2009-12-10_01-37-41;0387;1272.281
2009-12-05_01-37-41;0596;1602.472
2009-11-30_01-37-41;0787;1454.463
2009-11-25_01-37-41;0614;1548.088
2009-11-20_01-37-41;0056;1615.135
2009-11-15_01-37-41;0935;1153.852
2009-11-10_01-37-41;0109;1185.208
2009-11-05_01-37-41;0839;1715.604
2009-10-31_01-37-41;0026;1026.723
2009-10-26_01-37-41;0731;1599.021
2009-10-21_01-37-41;0401;1858.398
2009-10-16_01-37-41;0030;1013.189
2009-10-11_01-37-41;0150;1401.504
2009-10-06_01-37-41;0670;1986.761
2009-10-01_01-37-41;0764;1951.978
2009-09-26_01-37-41;0869;1827.885
2009-09-21_01-37-41;0282;1079.903
2009-09-16_01-37-41;0269;1775.647
2009-09-11_01-37-41;0536;1454.264
2009-09-06_01-37-41;0956;1610.689
2009-09-01_01-37-41;0504;1599.357
2009-08-27_01-37-41;0418;1520.804
2009-08-22_01-37-41;0131;1254.138
2009-08-17_01-37-41;0464;1182.654
2009-08-12_01-37-41;0523;1203.975
2009-08-07_01-37-41;0642;1781.445
2009-08-02_01-37-41;0135;1037.179
2009-07-28_01-37-41;0216;1354.635
2009-07-23_01-37-41;0245;1558.902
2009-07-18_01-37-41;0283;1666.078
2009-07-13_01-37-41;0496;1624.487
2009-07-08_01-37-41;0054;1745.609
2009-07-03_01-37-41;0393;1375.839
2009-06-28_01-37-41;0413;1465.234
2009-06-23_01-37-41;0359;1071.663
2009-06-18_01-37-41;0456;1686.952
2009-06-13_01-37-41;0449;1156.041
2009-06-08_01-37-41;0978;1205.116
